{"Size":{"x":1,"y":1,"z":1},"Streak":0.10000000149011612,"RandomInfectionChance":0.009999999776482582,"SpreadInfectionChance":0.009999999776482582,"PropagationTime":1.0}