{"Size":{"x":0,"y":0,"z":0},"Streak":0.009999999776482582,"RandomInfectionChance":0.009999999776482582,"SpreadInfectionChance":0.009999999776482582,"PropagationTime":0.009999999776482582}