{"size":7,"streak":0.15000000596046449,"randomInfectionChance":0.6399999856948853,"spreadInfectionChance":0.1899999976158142,"propagationTime":0.7900000214576721}