{"Size":{"x":7,"y":7,"z":7},"Streak":0.5049999952316284,"RandomInfectionChance":0.798464298248291,"SpreadInfectionChance":0.024142857640981675,"PropagationTime":1.9964286088943482}